[{"model": "contenttypes.contenttype", "pk": 1, "fields": {"app_label": "chat", "model": "message"}}, {"model": "contenttypes.contenttype", "pk": 2, "fields": {"app_label": "admin", "model": "logentry"}}, {"model": "contenttypes.contenttype", "pk": 3, "fields": {"app_label": "auth", "model": "permission"}}, {"model": "contenttypes.contenttype", "pk": 4, "fields": {"app_label": "auth", "model": "group"}}, {"model": "contenttypes.contenttype", "pk": 5, "fields": {"app_label": "contenttypes", "model": "contenttype"}}, {"model": "contenttypes.contenttype", "pk": 6, "fields": {"app_label": "sessions", "model": "session"}}, {"model": "contenttypes.contenttype", "pk": 7, "fields": {"app_label": "user", "model": "user"}}, {"model": "contenttypes.contenttype", "pk": 8, "fields": {"app_label": "course", "model": "course"}}, {"model": "contenttypes.contenttype", "pk": 9, "fields": {"app_label": "course", "model": "coursesubject"}}, {"model": "contenttypes.contenttype", "pk": 10, "fields": {"app_label": "course", "model": "subject"}}, {"model": "contenttypes.contenttype", "pk": 11, "fields": {"app_label": "course", "model": "supervisor"}}, {"model": "contenttypes.contenttype", "pk": 12, "fields": {"app_label": "course", "model": "traineecoursesubject"}}, {"model": "contenttypes.contenttype", "pk": 13, "fields": {"app_label": "task", "model": "task"}}, {"model": "contenttypes.contenttype", "pk": 14, "fields": {"app_label": "task", "model": "traineetask"}}, {"model": "sessions.session", "pk": "31uh244pp01jrupg9lliunsmz29be8th", "fields": {"session_data": "NDcxMjkzMjM5NDc2ZGFiYzZhNzUzOTFkZWNhYzIwMTMzY2ZkNmMxNTp7Il9hdXRoX3VzZXJfaWQiOiI2IiwiX2F1dGhfdXNlcl9iYWNrZW5kIjoiZGphbmdvLmNvbnRyaWIuYXV0aC5iYWNrZW5kcy5Nb2RlbEJhY2tlbmQiLCJfYXV0aF91c2VyX2hhc2giOiI2Mjg2OTA2YWIzMDdiZThmZWZjZmYwZGQ1NWFhNDE1OWZlMDMwYjViIn0=", "expire_date": "2020-04-20T09:57:39.774Z"}}, {"model": "sessions.session", "pk": "3dwbje99remdfbgyq3ur05schwyc883i", "fields": {"session_data": "MTAyNTAwNDk0Mzk5Y2U0ZjdhN2VmZDNlMWFlNTQyZjJiODVlYzg3OTp7Il9hdXRoX3VzZXJfaWQiOiIxIiwiX2F1dGhfdXNlcl9iYWNrZW5kIjoiZGphbmdvLmNvbnRyaWIuYXV0aC5iYWNrZW5kcy5Nb2RlbEJhY2tlbmQiLCJfYXV0aF91c2VyX2hhc2giOiI2Mjg2OTA2YWIzMDdiZThmZWZjZmYwZGQ1NWFhNDE1OWZlMDMwYjViIn0=", "expire_date": "2020-04-21T07:41:04.467Z"}}, {"model": "sessions.session", "pk": "a3yiavpjr3ylovn7sgx98ejgrmlyla1e", "fields": {"session_data": "MTAyNTAwNDk0Mzk5Y2U0ZjdhN2VmZDNlMWFlNTQyZjJiODVlYzg3OTp7Il9hdXRoX3VzZXJfaWQiOiIxIiwiX2F1dGhfdXNlcl9iYWNrZW5kIjoiZGphbmdvLmNvbnRyaWIuYXV0aC5iYWNrZW5kcy5Nb2RlbEJhY2tlbmQiLCJfYXV0aF91c2VyX2hhc2giOiI2Mjg2OTA2YWIzMDdiZThmZWZjZmYwZGQ1NWFhNDE1OWZlMDMwYjViIn0=", "expire_date": "2020-04-20T10:09:33.595Z"}}, {"model": "sessions.session", "pk": "h1n1kzwpb000scoenllicznoym92m6dy", "fields": {"session_data": "ZjRhNmZjOTVkOTM3ODg2NzczNTM5OTllMGRiMWE0OWM1MTllMDE4ZDp7Il9hdXRoX3VzZXJfaWQiOiIyIiwiX2F1dGhfdXNlcl9iYWNrZW5kIjoiZGphbmdvLmNvbnRyaWIuYXV0aC5iYWNrZW5kcy5Nb2RlbEJhY2tlbmQiLCJfYXV0aF91c2VyX2hhc2giOiI2Mjg2OTA2YWIzMDdiZThmZWZjZmYwZGQ1NWFhNDE1OWZlMDMwYjViIiwiX2xhbmd1YWdlIjoiZW4ifQ==", "expire_date": "2020-04-21T07:40:35.351Z"}}, {"model": "sessions.session", "pk": "zlrl3xbryqi8k9inv9xif287clwcp6mf", "fields": {"session_data": "MTAyNTAwNDk0Mzk5Y2U0ZjdhN2VmZDNlMWFlNTQyZjJiODVlYzg3OTp7Il9hdXRoX3VzZXJfaWQiOiIxIiwiX2F1dGhfdXNlcl9iYWNrZW5kIjoiZGphbmdvLmNvbnRyaWIuYXV0aC5iYWNrZW5kcy5Nb2RlbEJhY2tlbmQiLCJfYXV0aF91c2VyX2hhc2giOiI2Mjg2OTA2YWIzMDdiZThmZWZjZmYwZGQ1NWFhNDE1OWZlMDMwYjViIn0=", "expire_date": "2020-04-20T09:12:08.731Z"}}, {"model": "course.course", "pk": 1, "fields": {"name": "Naitei14", "description": "Khoa naitei 14", "status": "n", "room_name": "Naitei14"}}, {"model": "course.course", "pk": 2, "fields": {"name": "Naitei15", "description": "Khoa naitei 15", "status": "n", "room_name": "naitei15"}}, {"model": "course.course", "pk": 3, "fields": {"name": "Kaiwa", "description": "Khoa tieng nhat giao tiep", "status": "n", "room_name": "Kaiwa"}}, {"model": "course.course", "pk": 4, "fields": {"name": "Business Nihongo", "description": "Tieng nhat trong cong viec", "status": "n", "room_name": "business-nihongo"}}, {"model": "course.coursesubject", "pk": 1, "fields": {"course": 1, "subject": 1}}, {"model": "course.coursesubject", "pk": 2, "fields": {"course": 1, "subject": 2}}, {"model": "course.coursesubject", "pk": 3, "fields": {"course": 1, "subject": 3}}, {"model": "course.coursesubject", "pk": 4, "fields": {"course": 2, "subject": 1}}, {"model": "course.coursesubject", "pk": 5, "fields": {"course": 2, "subject": 2}}, {"model": "course.coursesubject", "pk": 6, "fields": {"course": 3, "subject": 4}}, {"model": "auth.permission", "pk": 1, "fields": {"name": "Can add message", "content_type": 1, "codename": "add_message"}}, {"model": "auth.permission", "pk": 2, "fields": {"name": "Can change message", "content_type": 1, "codename": "change_message"}}, {"model": "auth.permission", "pk": 3, "fields": {"name": "Can delete message", "content_type": 1, "codename": "delete_message"}}, {"model": "auth.permission", "pk": 4, "fields": {"name": "Can view message", "content_type": 1, "codename": "view_message"}}, {"model": "auth.permission", "pk": 5, "fields": {"name": "Can add log entry", "content_type": 2, "codename": "add_logentry"}}, {"model": "auth.permission", "pk": 6, "fields": {"name": "Can change log entry", "content_type": 2, "codename": "change_logentry"}}, {"model": "auth.permission", "pk": 7, "fields": {"name": "Can delete log entry", "content_type": 2, "codename": "delete_logentry"}}, {"model": "auth.permission", "pk": 8, "fields": {"name": "Can view log entry", "content_type": 2, "codename": "view_logentry"}}, {"model": "auth.permission", "pk": 9, "fields": {"name": "Can add permission", "content_type": 3, "codename": "add_permission"}}, {"model": "auth.permission", "pk": 10, "fields": {"name": "Can change permission", "content_type": 3, "codename": "change_permission"}}, {"model": "auth.permission", "pk": 11, "fields": {"name": "Can delete permission", "content_type": 3, "codename": "delete_permission"}}, {"model": "auth.permission", "pk": 12, "fields": {"name": "Can view permission", "content_type": 3, "codename": "view_permission"}}, {"model": "auth.permission", "pk": 13, "fields": {"name": "Can add group", "content_type": 4, "codename": "add_group"}}, {"model": "auth.permission", "pk": 14, "fields": {"name": "Can change group", "content_type": 4, "codename": "change_group"}}, {"model": "auth.permission", "pk": 15, "fields": {"name": "Can delete group", "content_type": 4, "codename": "delete_group"}}, {"model": "auth.permission", "pk": 16, "fields": {"name": "Can view group", "content_type": 4, "codename": "view_group"}}, {"model": "auth.permission", "pk": 17, "fields": {"name": "Can add content type", "content_type": 5, "codename": "add_contenttype"}}, {"model": "auth.permission", "pk": 18, "fields": {"name": "Can change content type", "content_type": 5, "codename": "change_contenttype"}}, {"model": "auth.permission", "pk": 19, "fields": {"name": "Can delete content type", "content_type": 5, "codename": "delete_contenttype"}}, {"model": "auth.permission", "pk": 20, "fields": {"name": "Can view content type", "content_type": 5, "codename": "view_contenttype"}}, {"model": "auth.permission", "pk": 21, "fields": {"name": "Can add session", "content_type": 6, "codename": "add_session"}}, {"model": "auth.permission", "pk": 22, "fields": {"name": "Can change session", "content_type": 6, "codename": "change_session"}}, {"model": "auth.permission", "pk": 23, "fields": {"name": "Can delete session", "content_type": 6, "codename": "delete_session"}}, {"model": "auth.permission", "pk": 24, "fields": {"name": "Can view session", "content_type": 6, "codename": "view_session"}}, {"model": "auth.permission", "pk": 25, "fields": {"name": "Can add user", "content_type": 7, "codename": "add_user"}}, {"model": "auth.permission", "pk": 26, "fields": {"name": "Can change user", "content_type": 7, "codename": "change_user"}}, {"model": "auth.permission", "pk": 27, "fields": {"name": "Can delete user", "content_type": 7, "codename": "delete_user"}}, {"model": "auth.permission", "pk": 28, "fields": {"name": "Can view user", "content_type": 7, "codename": "view_user"}}, {"model": "auth.permission", "pk": 29, "fields": {"name": "login as admin", "content_type": 7, "codename": "admin_permission"}}, {"model": "auth.permission", "pk": 30, "fields": {"name": "login as trainer", "content_type": 7, "codename": "trainer_permission"}}, {"model": "auth.permission", "pk": 31, "fields": {"name": "login as trainee", "content_type": 7, "codename": "trainee_permission"}}, {"model": "auth.permission", "pk": 32, "fields": {"name": "Can add course", "content_type": 8, "codename": "add_course"}}, {"model": "auth.permission", "pk": 33, "fields": {"name": "Can change course", "content_type": 8, "codename": "change_course"}}, {"model": "auth.permission", "pk": 34, "fields": {"name": "Can delete course", "content_type": 8, "codename": "delete_course"}}, {"model": "auth.permission", "pk": 35, "fields": {"name": "Can view course", "content_type": 8, "codename": "view_course"}}, {"model": "auth.permission", "pk": 36, "fields": {"name": "Can add course subject", "content_type": 9, "codename": "add_coursesubject"}}, {"model": "auth.permission", "pk": 37, "fields": {"name": "Can change course subject", "content_type": 9, "codename": "change_coursesubject"}}, {"model": "auth.permission", "pk": 38, "fields": {"name": "Can delete course subject", "content_type": 9, "codename": "delete_coursesubject"}}, {"model": "auth.permission", "pk": 39, "fields": {"name": "Can view course subject", "content_type": 9, "codename": "view_coursesubject"}}, {"model": "auth.permission", "pk": 40, "fields": {"name": "Can add subject", "content_type": 10, "codename": "add_subject"}}, {"model": "auth.permission", "pk": 41, "fields": {"name": "Can change subject", "content_type": 10, "codename": "change_subject"}}, {"model": "auth.permission", "pk": 42, "fields": {"name": "Can delete subject", "content_type": 10, "codename": "delete_subject"}}, {"model": "auth.permission", "pk": 43, "fields": {"name": "Can view subject", "content_type": 10, "codename": "view_subject"}}, {"model": "auth.permission", "pk": 44, "fields": {"name": "Can add supervisor", "content_type": 11, "codename": "add_supervisor"}}, {"model": "auth.permission", "pk": 45, "fields": {"name": "Can change supervisor", "content_type": 11, "codename": "change_supervisor"}}, {"model": "auth.permission", "pk": 46, "fields": {"name": "Can delete supervisor", "content_type": 11, "codename": "delete_supervisor"}}, {"model": "auth.permission", "pk": 47, "fields": {"name": "Can view supervisor", "content_type": 11, "codename": "view_supervisor"}}, {"model": "auth.permission", "pk": 48, "fields": {"name": "Can add trainee course subject", "content_type": 12, "codename": "add_traineecoursesubject"}}, {"model": "auth.permission", "pk": 49, "fields": {"name": "Can change trainee course subject", "content_type": 12, "codename": "change_traineecoursesubject"}}, {"model": "auth.permission", "pk": 50, "fields": {"name": "Can delete trainee course subject", "content_type": 12, "codename": "delete_traineecoursesubject"}}, {"model": "auth.permission", "pk": 51, "fields": {"name": "Can view trainee course subject", "content_type": 12, "codename": "view_traineecoursesubject"}}, {"model": "auth.permission", "pk": 52, "fields": {"name": "Can add task", "content_type": 13, "codename": "add_task"}}, {"model": "auth.permission", "pk": 53, "fields": {"name": "Can change task", "content_type": 13, "codename": "change_task"}}, {"model": "auth.permission", "pk": 54, "fields": {"name": "Can delete task", "content_type": 13, "codename": "delete_task"}}, {"model": "auth.permission", "pk": 55, "fields": {"name": "Can view task", "content_type": 13, "codename": "view_task"}}, {"model": "auth.permission", "pk": 56, "fields": {"name": "Can add trainee task", "content_type": 14, "codename": "add_traineetask"}}, {"model": "auth.permission", "pk": 57, "fields": {"name": "Can change trainee task", "content_type": 14, "codename": "change_traineetask"}}, {"model": "auth.permission", "pk": 58, "fields": {"name": "Can delete trainee task", "content_type": 14, "codename": "delete_traineetask"}}, {"model": "auth.permission", "pk": 59, "fields": {"name": "Can view trainee task", "content_type": 14, "codename": "view_traineetask"}}, {"model": "user.user", "pk": 1, "fields": {"password": "pbkdf2_sha256$180000$WHO5XRxXtQGK$W+vbMG8IK4MfaJgsIkx+RYJtKSqboBDobcJ/ragPYZA=", "last_login": "2020-04-07T07:41:04.413Z", "is_superuser": true, "username": "admin", "first_name": "Ad", "last_name": "min", "email": "kentran2471997@gmail.com", "is_staff": true, "is_active": true, "date_joined": "2020-04-06T09:11:22Z", "dob": "2020-04-06", "phone": "0969383018", "role": 2, "groups": [], "user_permissions": [5, 6, 7, 8, 13, 14, 15, 16, 9, 10, 11, 12, 1, 2, 3, 4, 17, 18, 19, 20, 32, 33, 34, 35, 36, 37, 38, 39, 40, 41, 42, 43, 44, 45, 46, 47, 48, 49, 50, 51, 21, 22, 23, 24, 52, 53, 54, 55, 56, 57, 58, 59, 25, 29, 26, 27, 31, 30, 28]}}, {"model": "user.user", "pk": 2, "fields": {"password": "pbkdf2_sha256$180000$WHO5XRxXtQGK$W+vbMG8IK4MfaJgsIkx+RYJtKSqboBDobcJ/ragPYZA=", "last_login": "2020-04-07T07:38:34.713Z", "is_superuser": false, "username": "ho.minh.huy", "first_name": "Ho", "last_name": "Minh Huy", "email": "kentran2471997@gmail.com", "is_staff": false, "is_active": true, "date_joined": "2020-04-06T09:21:45Z", "dob": "2020-04-06", "phone": "0969383018", "role": 1, "groups": [], "user_permissions": [31, 30]}}, {"model": "user.user", "pk": 3, "fields": {"password": "pbkdf2_sha256$180000$WHO5XRxXtQGK$W+vbMG8IK4MfaJgsIkx+RYJtKSqboBDobcJ/ragPYZA=", "last_login": null, "is_superuser": false, "username": "chu.thanh.hung", "first_name": "Chu", "last_name": "Thanh Hung", "email": "kentran2471997@gmail.com", "is_staff": false, "is_active": true, "date_joined": "2020-04-06T09:22:19Z", "dob": "2020-04-06", "phone": "0969383018", "role": 1, "groups": [], "user_permissions": [31, 30]}}, {"model": "user.user", "pk": 4, "fields": {"password": "pbkdf2_sha256$180000$WHO5XRxXtQGK$W+vbMG8IK4MfaJgsIkx+RYJtKSqboBDobcJ/ragPYZA=", "last_login": "2020-04-06T09:48:44.519Z", "is_superuser": false, "username": "vu.van.duc", "first_name": "Vu", "last_name": "Van Duc", "email": "kentran2471997@gmail.com", "is_staff": false, "is_active": true, "date_joined": "2020-04-06T09:23:26Z", "dob": "2020-04-06", "phone": "0969383018", "role": 0, "groups": [], "user_permissions": [31]}}, {"model": "user.user", "pk": 5, "fields": {"password": "pbkdf2_sha256$180000$WHO5XRxXtQGK$W+vbMG8IK4MfaJgsIkx+RYJtKSqboBDobcJ/ragPYZA=", "last_login": "2020-04-06T09:56:27.045Z", "is_superuser": false, "username": "hoang.minh.hung", "first_name": "Hoang", "last_name": "Minh Hung", "email": "kentran2471997@gmail.com", "is_staff": false, "is_active": true, "date_joined": "2020-04-06T09:23:52Z", "dob": "2020-04-06", "phone": "0969383018", "role": 0, "groups": [], "user_permissions": [31]}}, {"model": "user.user", "pk": 6, "fields": {"password": "pbkdf2_sha256$180000$WHO5XRxXtQGK$W+vbMG8IK4MfaJgsIkx+RYJtKSqboBDobcJ/ragPYZA=", "last_login": "2020-04-06T09:57:39.709Z", "is_superuser": false, "username": "tran.quang.khai", "first_name": "Tran", "last_name": "Quang Khai", "email": "kentran2471997@gmail.com", "is_staff": false, "is_active": true, "date_joined": "2020-04-06T09:24:16Z", "dob": "2020-04-06", "phone": "0969383018", "role": 0, "groups": [], "user_permissions": [31]}}, {"model": "course.subject", "pk": 1, "fields": {"name": "Git", "description": "Kien thuc Git co ban", "duration": 10, "trainer": 2}}, {"model": "course.subject", "pk": 2, "fields": {"name": "Python", "description": "Mon hoc python", "duration": 8, "trainer": 3}}, {"model": "course.subject", "pk": 3, "fields": {"name": "Django", "description": "Mon hoc django", "duration": 10, "trainer": 2}}, {"model": "course.subject", "pk": 4, "fields": {"name": "Pronunciation", "description": "Phat am tieng nhat", "duration": 5, "trainer": 2}}, {"model": "course.supervisor", "pk": 1, "fields": {"course": 1, "trainer": 1}}, {"model": "course.supervisor", "pk": 2, "fields": {"course": 2, "trainer": 1}}, {"model": "course.supervisor", "pk": 3, "fields": {"course": 3, "trainer": 3}}, {"model": "course.traineecoursesubject", "pk": 1, "fields": {"course_subject": 1, "trainee": 4, "start_date": "2020-04-06", "is_active": true, "status": "i"}}, {"model": "course.traineecoursesubject", "pk": 2, "fields": {"course_subject": 2, "trainee": 4, "start_date": "2020-04-06", "is_active": false, "status": "n"}}, {"model": "course.traineecoursesubject", "pk": 3, "fields": {"course_subject": 3, "trainee": 4, "start_date": "2020-04-06", "is_active": false, "status": "n"}}, {"model": "course.traineecoursesubject", "pk": 4, "fields": {"course_subject": 1, "trainee": 5, "start_date": "2020-04-06", "is_active": true, "status": "i"}}, {"model": "course.traineecoursesubject", "pk": 5, "fields": {"course_subject": 2, "trainee": 5, "start_date": "2020-04-06", "is_active": false, "status": "n"}}, {"model": "course.traineecoursesubject", "pk": 6, "fields": {"course_subject": 3, "trainee": 5, "start_date": "2020-04-06", "is_active": false, "status": "n"}}, {"model": "course.traineecoursesubject", "pk": 7, "fields": {"course_subject": 1, "trainee": 6, "start_date": "2020-04-06", "is_active": true, "status": "i"}}, {"model": "course.traineecoursesubject", "pk": 8, "fields": {"course_subject": 2, "trainee": 6, "start_date": "2020-04-06", "is_active": false, "status": "n"}}, {"model": "course.traineecoursesubject", "pk": 9, "fields": {"course_subject": 3, "trainee": 6, "start_date": "2020-04-06", "is_active": false, "status": "n"}}, {"model": "course.traineecoursesubject", "pk": 10, "fields": {"course_subject": 4, "trainee": 4, "start_date": "2020-04-06", "is_active": false, "status": "n"}}, {"model": "course.traineecoursesubject", "pk": 11, "fields": {"course_subject": 5, "trainee": 4, "start_date": "2020-04-06", "is_active": false, "status": "n"}}, {"model": "course.traineecoursesubject", "pk": 12, "fields": {"course_subject": 4, "trainee": 5, "start_date": "2020-04-06", "is_active": false, "status": "n"}}, {"model": "course.traineecoursesubject", "pk": 13, "fields": {"course_subject": 5, "trainee": 5, "start_date": "2020-04-06", "is_active": false, "status": "n"}}, {"model": "course.traineecoursesubject", "pk": 14, "fields": {"course_subject": 6, "trainee": 6, "start_date": "2020-04-06", "is_active": false, "status": "n"}}, {"model": "course.traineecoursesubject", "pk": 15, "fields": {"course_subject": 6, "trainee": 5, "start_date": "2020-04-06", "is_active": false, "status": "n"}}, {"model": "task.task", "pk": 1, "fields": {"name": "Git test", "description": "Kiem tra git", "start_date": "2020-04-06", "due_date": "2020-04-06", "course_subject": 1, "creator": 2, "type": "t"}}, {"model": "task.task", "pk": 2, "fields": {"name": "Git test", "description": "Kiem tra git", "start_date": "2020-04-06", "due_date": "2020-04-06", "course_subject": 1, "creator": 2, "type": "t"}}, {"model": "task.task", "pk": 3, "fields": {"name": "Git test", "description": "Kiem tra git", "start_date": "2020-04-06", "due_date": "2020-04-06", "course_subject": 1, "creator": 2, "type": "t"}}, {"model": "task.task", "pk": 4, "fields": {"name": "Python data type", "description": "Kieu du lieu trong python", "start_date": "2020-04-07", "due_date": "2020-04-10", "course_subject": 1, "creator": 4, "type": "t"}}, {"model": "task.task", "pk": 5, "fields": {"name": "Python function", "description": "Ham trong python", "start_date": "2020-04-07", "due_date": "2020-04-10", "course_subject": 1, "creator": 5, "type": "t"}}, {"model": "task.task", "pk": 6, "fields": {"name": "Git report daily", "description": "Bao cao git ngay 06/04/2020\r\nThuc hanh voi git init, git push, git commit, git pull", "start_date": "2020-04-06", "due_date": "2020-04-06", "course_subject": 1, "creator": 6, "type": "r"}}, {"model": "task.traineetask", "pk": 1, "fields": {"trainee": 4, "task": 1, "status": "n"}}, {"model": "task.traineetask", "pk": 2, "fields": {"trainee": 5, "task": 2, "status": "n"}}, {"model": "task.traineetask", "pk": 3, "fields": {"trainee": 6, "task": 3, "status": "d"}}, {"model": "task.traineetask", "pk": 4, "fields": {"trainee": 4, "task": 4, "status": "n"}}, {"model": "task.traineetask", "pk": 5, "fields": {"trainee": 5, "task": 5, "status": "n"}}, {"model": "task.traineetask", "pk": 6, "fields": {"trainee": 6, "task": 6, "status": "d"}}, {"model": "admin.logentry", "pk": 1, "fields": {"action_time": "2020-04-06T09:20:22.586Z", "user": 1, "content_type": 8, "object_id": "1", "object_repr": "Naitei14", "action_flag": 1, "change_message": "[{\"added\": {}}]"}}, {"model": "admin.logentry", "pk": 2, "fields": {"action_time": "2020-04-06T09:20:42.169Z", "user": 1, "content_type": 8, "object_id": "2", "object_repr": "Naitei15", "action_flag": 1, "change_message": "[{\"added\": {}}]"}}, {"model": "admin.logentry", "pk": 3, "fields": {"action_time": "2020-04-06T09:21:07.038Z", "user": 1, "content_type": 8, "object_id": "3", "object_repr": "Kaiwa", "action_flag": 1, "change_message": "[{\"added\": {}}]"}}, {"model": "admin.logentry", "pk": 4, "fields": {"action_time": "2020-04-06T09:22:19.119Z", "user": 1, "content_type": 7, "object_id": "2", "object_repr": "ho.minh.huy", "action_flag": 1, "change_message": "[{\"added\": {}}]"}}, {"model": "admin.logentry", "pk": 5, "fields": {"action_time": "2020-04-06T09:22:50.571Z", "user": 1, "content_type": 7, "object_id": "3", "object_repr": "chu.thanh.hung", "action_flag": 1, "change_message": "[{\"added\": {}}]"}}, {"model": "admin.logentry", "pk": 6, "fields": {"action_time": "2020-04-06T09:23:14.324Z", "user": 1, "content_type": 7, "object_id": "1", "object_repr": "admin", "action_flag": 2, "change_message": "[{\"changed\": {\"fields\": [\"User permissions\", \"First name\", \"Last name\", \"Email address\", \"Dob\", \"Phone\", \"Role\"]}}]"}}, {"model": "admin.logentry", "pk": 7, "fields": {"action_time": "2020-04-06T09:23:51.898Z", "user": 1, "content_type": 7, "object_id": "4", "object_repr": "vu.van.duc", "action_flag": 1, "change_message": "[{\"added\": {}}]"}}, {"model": "admin.logentry", "pk": 8, "fields": {"action_time": "2020-04-06T09:24:16.316Z", "user": 1, "content_type": 7, "object_id": "5", "object_repr": "hoang.minh.hung", "action_flag": 1, "change_message": "[{\"added\": {}}]"}}, {"model": "admin.logentry", "pk": 9, "fields": {"action_time": "2020-04-06T09:24:38.416Z", "user": 1, "content_type": 7, "object_id": "6", "object_repr": "tran.quang.khai", "action_flag": 1, "change_message": "[{\"added\": {}}]"}}, {"model": "admin.logentry", "pk": 10, "fields": {"action_time": "2020-04-06T09:25:13.654Z", "user": 1, "content_type": 10, "object_id": "1", "object_repr": "Git", "action_flag": 1, "change_message": "[{\"added\": {}}]"}}, {"model": "admin.logentry", "pk": 11, "fields": {"action_time": "2020-04-06T09:25:37.465Z", "user": 1, "content_type": 10, "object_id": "2", "object_repr": "Python", "action_flag": 1, "change_message": "[{\"added\": {}}]"}}, {"model": "admin.logentry", "pk": 12, "fields": {"action_time": "2020-04-06T09:26:00.248Z", "user": 1, "content_type": 10, "object_id": "3", "object_repr": "Django", "action_flag": 1, "change_message": "[{\"added\": {}}]"}}, {"model": "admin.logentry", "pk": 13, "fields": {"action_time": "2020-04-06T09:26:24.010Z", "user": 1, "content_type": 10, "object_id": "4", "object_repr": "Pronunciation", "action_flag": 1, "change_message": "[{\"added\": {}}]"}}, {"model": "admin.logentry", "pk": 14, "fields": {"action_time": "2020-04-06T09:26:39.661Z", "user": 1, "content_type": 9, "object_id": "1", "object_repr": "Naitei14 - Git", "action_flag": 1, "change_message": "[{\"added\": {}}]"}}, {"model": "admin.logentry", "pk": 15, "fields": {"action_time": "2020-04-06T09:26:43.902Z", "user": 1, "content_type": 9, "object_id": "2", "object_repr": "Naitei14 - Python", "action_flag": 1, "change_message": "[{\"added\": {}}]"}}, {"model": "admin.logentry", "pk": 16, "fields": {"action_time": "2020-04-06T09:26:48.003Z", "user": 1, "content_type": 9, "object_id": "3", "object_repr": "Naitei14 - Django", "action_flag": 1, "change_message": "[{\"added\": {}}]"}}, {"model": "admin.logentry", "pk": 17, "fields": {"action_time": "2020-04-06T09:26:54.610Z", "user": 1, "content_type": 9, "object_id": "4", "object_repr": "Naitei15 - Git", "action_flag": 1, "change_message": "[{\"added\": {}}]"}}, {"model": "admin.logentry", "pk": 18, "fields": {"action_time": "2020-04-06T09:26:58.409Z", "user": 1, "content_type": 9, "object_id": "5", "object_repr": "Naitei15 - Python", "action_flag": 1, "change_message": "[{\"added\": {}}]"}}, {"model": "admin.logentry", "pk": 19, "fields": {"action_time": "2020-04-06T09:27:02.361Z", "user": 1, "content_type": 9, "object_id": "6", "object_repr": "Kaiwa - Pronunciation", "action_flag": 1, "change_message": "[{\"added\": {}}]"}}, {"model": "chat.message", "pk": 1, "fields": {"author": 2, "content": "hello cac em", "course": 1, "timestamp": "2020-04-06T09:32:53.040Z"}}, {"model": "chat.message", "pk": 2, "fields": {"author": 4, "content": "em chao anh a", "course": 1, "timestamp": "2020-04-06T09:33:53.745Z"}}, {"model": "chat.message", "pk": 3, "fields": {"author": 6, "content": "em ch\u00e0o anh em l\u00e0 kh\u1ea3i \u1ea1", "course": 1, "timestamp": "2020-04-06T10:09:16.650Z"}}, {"model": "chat.message", "pk": 4, "fields": {"author": 2, "content": "3h demo", "course": 1, "timestamp": "2020-04-07T07:39:00.083Z"}}]